name,address1,address2,town,postcode,access_notes,general_notes,url,lat,lng,phone,fax,text_phone
Town Hall,Cauldwell Street,Bedford,,MK42 9AP,,,http://www.bedford.gov.uk/advice_and_benefits/registration_service.aspx,52.1327584352089,-0.4702813074674147,,,
County Hall,Walton Street,Aylesbury,,HP20 1XF,,,http://www.buckscc.gov.uk/registration/index.stm,51.81525988351161,-0.8119554673823927,,,
Shire Hall,Castle Hill,Cambridge,,CB3 0AP,,,http://www.cambridgeshire.gov.uk/community/bmd/,52.2128132777458,0.11402791296760088,,,
County Hall,Treyew Road,Truro,,TR1 3AY,,,http://www.cornwall.gov.uk/registration,50.26013713259724,-5.068742064633415,,,
The Courts,English Street,Carlisle,,CA3 8NA,,,http://www.cumbria.gov.uk/registration/wheretofindus/default.asp,54.891743019993584,-2.9336690138490784,,,
County Hall,Matlock,,,DE4 3NN,,,http://www.derbyshire.gov.uk/community/births_marriages_deaths/,53.13968311320805,-1.5542635583345903,,,
County Hall,Exeter,Devon,,EX2 4QD,,,http://www.devon.gov.uk/index/community/the_people/registration_districts_in_devon.htm,50.71455708892088,-3.517489729721524,,,
County Hall,Colliton Park,Dorchester,,DT1 1XJ,,,http://www.dorsetforyou.com/index.jsp?articleid=384327,50.7163479305192,-2.440042156349823,,,
40 Old Elvet,Durham City,,,DH1 3HN,,,http://www.durham.gov.uk/durhamcc/usp.nsf/pws/Registrar+-+Register+Office+locations+and+contact+details,54.77512894388498,-1.5688619777453032,,,
County Hall,St. Annes Cresent,Lewes,,BN7 1UE,,,http://www.eastsussex.gov.uk/atoz/heading785.aspx?forms &acc 1&ae 1&ah 1&al 1&ar,50.87205626727738,0.0011013384652131016,,,
17 Market Road,Chelmsford,,,CM1 1GF,,,http://www.essexcc.gov.uk/vip8/ecc/ECCWebsite/display/channels/births_marriages_deaths_channel_640771_Living/contacts/index.jsp,51.73468239133302,0.4697546222662106,,,
Shire Hall,Westgate Street,Gloucester,,GL1 2TG,,,http://www.gloucestershire.gov.uk/index.cfm?ArticleID=150,51.86645299150972,-2.2486003315848944,,,
The Castle,Winchester,Hampshire,,SO23 8ZB,,,http://www3.hants.gov.uk/registration/registration-contact.htm,51.06254899810587,-1.3193686716108406,,,
19b St Albans Road East,Hatfield,Hertfordshire,,AL10 0NG,,,http://www.hertsdirect.org/comdirectory/register/contactreg/,51.765820355393295,-0.2185698720996784,,,
Invicta House,County Hall,Maidstone,,ME14 1XX,,,"http://www.kent.gov.uk/community_and_living/births,_deaths_and_ceremonies.aspx",51.27880227916336,0.521176322798522,,,
Bow Lane,PRESTON,,,PR1 8SE,,,http://www.lancashire.gov.uk/acs/sites/registration/contact/index.asp,53.7543644309699,-2.7087380532762912,,,
County Hall,Glenfield,Leicester,,LE3 8RN,,,http://www.leicestershire.gov.uk/registration_services,52.65571122128849,-1.1880050970453464,,,
4 Lindum Road,Lincoln,,,LN2 1NN,,,http://www.lincolnshire.gov.uk/index.asp?catId=2944,53.23140568271685,-0.536849411669047,,,
Churchman House,71 Bethel Street,Norwich,,NR2 1NR,,,http://www.norfolk.gov.uk/consumption/idcplg?IdcService=SS_GET_PAGE&ssDocName=NCC006792&ssSourceNodeId=&ssTargetNodeId=54,52.62856577050896,1.2889981848909837,,,
Charles House,61-69 Derngate,Northampton,,NN1 1UE,,,http://www3.northamptonshire.gov.uk/Community/Registration/reg_home.htm,52.2362055565791,-0.8913819004066272,,,
94 New Gate Street,Morpeth,,,NE61 1BU,,,http://www.northumberland.gov.uk/register/register-office.asp,55.17017198593392,-1.6926360852710158,,,
Bilton House,31 Park Parade,Harrogate,,HG1 5AG,,,http://www.northyorks.gov.uk/index.aspx?articleid=2849,53.99488021362959,-1.5276588940681795,,,
Fairdale House,47 Station Road,Carlton,,NG4 3AR,,,http://www.nottinghamshire.gov.uk/home/youandyourcommunity/registrars/registeroffices.htm,52.96623723230103,-1.0822634693690967,,,
1 Tidmarsh Lane,Oxford,,,OX1 1NS,,,http://www.oxfordshire.gov.uk/registration,51.752311861473935,-1.2636535354817835,,,
Column Lodge,Preston Street,Shrewsbury,,SY2 5NY,,,http://www.shropshire.gov.uk/registrar.nsf/open/4F3206F3069D0B7780256D1E004B347D,52.70431824547464,-2.730109749232437,,,
The Old Municipal Buildings,Corporation Street,Taunton,,TA1 4AQ,,,http://www.somerset.gov.uk/somerset/resources/registrationservice/registerofficesandopeninghours/,51.01484982762173,-3.104422786751273,,,
79 Eastgate Street,Stafford,Staffordshire,,ST16 2NG,,,http://www.staffordshire.gov.uk/community/lifeevents/home.aspx,52.80662832780148,-2.114908058295834,,,
St Peter House,16 Grimwade Street,Ipswich,,IP4 1LP,,,http://www.suffolkcc.gov.uk/registerservice/other/about_suff_reg_off_grph.html,52.055374190205114,1.1626046407095278,,,
County Hall,Penrhyn Road,Kingston upon Thames,,KT1 2DN,,,http://www.surreycc.gov.uk/sccwebsite/sccwspages.nsf/LookupWebPagesByTITLE_RTF/District+register+offices?opendocument,51.405105432343646,-0.30485657981647446,,,
Shire Hall,Warwick,,,CV34 4RR,,,http://www.warwickshire.gov.uk/Web/corporate/pages.nsf/links/55694AAF0C0A93D3802573840040895D ,52.29187416312617,-1.601480342415488,,,
County Hall,West Street,Chichester,,PO19 1RQ,,,http://www.westsussex.gov.uk/ccm/content/births-deaths-and-marriages/register-offices.en,50.83789911325766,-0.7828038630953493,,,
The Chestnuts,Bythesea Road,Trowbridge,,BA14 8EZ,,,http://www.wiltshire.gov.uk/registration-office-contact-details.htm,,,,,
County Hall,Spetchley Road,Worcester,,WR5 2NP,,,http://worcestershire.whub.org.uk/home/wcc-mas-proper-officer-functions.htm,52.18555397044121,-2.1825393022796193,,,
Town Hall ,St Mary's,Isles of Scilly,,TR21 0LW ,,,http://www.scilly.gov.uk/community/,49.9144593380037,-6.315238848868414,,,
Town Hall,Macclesfield,,,SK10 1DP,,,http://www.cheshireeast.gov.uk/Default.aspx,,,,,
County Hall,Chester,Cheshire,,CH1 1SF,,,http://www.cheshirewestandchester.gov.uk/community_and_living/int_registration.aspx,53.185783545940446,-2.891297452753818,,,
Priory House,Monks Walk,Chicksands,,SG17 5TQ,,,http://www.centralbedfordshire.gov.uk/community-and-living/registration/,52.035605673775294,-0.3605392318217263,,,
Milton Court [Ground Floor],Moor Lane,London,,EC2Y 9BJ,,,http://www.cityoflondon.gov.uk/Corporation/LGNL_Services/Community_and_living/,,,,,
198 Longbridge Road,Barking,,,IG11 8SY,,,http://www.barking-dagenham.gov.uk/8-leisure-envir/bdm-reg/bdm-menu.html,51.544835050823856,0.09200627645564644,,,
182 Burnt Oak Broadway,Edgware,Middlesex,,HA8 0AU,,,http://www.registeroffice.barnet.gov.uk,51.60256273512416,-0.26935542999446543,,,
Manor House,The Green,Sidcup,,DA14 6BW,,,http://www.bexley.gov.uk/service/registrars/index.html,51.424229141656525,0.10222981457748379,,,
Brent Town Hall,Forty Lane,Wembley,,HA9 9HD,,,http://www.brent.gov.uk/registrar.nsf,51.5665271921465,-0.2739993741665474,,,
Civic Centre,Stockwell Close,Bromley,,BR1 3UH,,,http://www.bromley.gov.uk/community/BirthsDeathsMarriagesPartnerships/brom_registration_service.htm,51.40387921224747,0.020377063720750876,,,
Camden Town Hall,Judd Street,London,,WC1H 9JE,,,http://www.camden.gov.uk/ccm/navigation/community-and-living/births--deaths-and-marriages/,51.52907741110608,-0.12537901759184236,,,
Croydon Register Office,Mint Walk,Croydon,,CR0 1EA,,,http://www.croydon.gov.uk/community/registeroffice/,51.371559527075696,-0.10005340290043842,,,
Town Hall,New Broadway,Ealing,,W5 2BY,,,http://www.ealing.gov.uk/services/community/births_deaths_marriages/,51.51332788520856,-0.30727005022615134,,,
1 Gentlemans Row,Enfield,,,EN2 6PS,,,http://www.enfield.gov.uk/319/index319.htm,,,,,
Town Hall,Wellington Street,Woolwich,,SE18 6PW,,,http://www.greenwich.gov.uk/Greenwich/CommunityLiving/BirthsDeathsMarriages/,51.489565599789714,0.06459765922997579,,,
Ground Floor,Hackney Town Hall,Mare Street,,E8 1EA,,,http://www.hackney.gov.uk/print/lr-registrars,51.54503221642567,-0.056434331970879416,,,
Fulham Town Hall,Harwood Road,,,SW6 1ET,,,http://www.lbhf.gov.uk/Directory/Community_and_Living/Birth_marriage_and_death/,51.4796033377747,-0.19490764102995847,,,
Civic Centre,High Road,Wood Green,,N22 8LE,,,http://www.haringey.gov.uk/sq/services/bdm.htm,51.59860594381522,-0.11968718226807112,,,
Civic Centre,Station Road,Harrow,,HA1 2XF,,,http://www.harrow.gov.uk/site/scripts/documents.php?categoryID=100003,51.585236532326725,-0.3296862101141752,,,
Langtons House,Billet Lane,Hornchurch,,RM11 1XL,,,http://www.havering.gov.uk/index.cfm?articleid=2435&contactid=2404,51.56566905330926,0.21842451061292137,,,
Civic Centre,High Street,Uxbridge,,UB8 1UW,,,http://www.hillingdon.gov.uk/index.jsp?articleid=9657,51.543839481674226,-0.4765975512654285,,,
88 Lampton Road,Hounslow,,,TW3 4DW,,,http://www.hounslow.gov.uk/index/community_and_living.htm,51.473741816910696,-0.36675023332049234,,,
Islington Town Hall,Upper Street,London,,N1 2UD,,,http://www.islington.gov.uk/Community/birthsdeathsandmarriages/default.asp,51.54163186295603,-0.10194807079042999,,,
Chelsea Old Town Hall,Kings Road,London,,SW3 5EE,,,http://www.rbkc.gov.uk/BirthsDeathsAndMarriages/General/default.asp,51.487470954778324,-0.16818032126586466,,,
35 Coombe Road,Kingston upon Thames,,,KT2 7BA,,,"http://www.kingston.gov.uk/community,_people_and_living/rbdm.htm",51.41304772869453,-0.2833663950649957,,,
Lambeth Town Hall,London,,,SW2 1RW,,,http://www.lambeth.gov.uk/Services/CommunityLiving/CivilCeremonies/RegisterOffice.htm,51.460661986673394,-0.11695527506895788,,,
368 Lewisham High Street,London,,,SE13 6LQ,,,http://www.lewisham.gov.uk/CommunityAndLiving/BirthsDeathsAndMarriages/,51.45438559511973,-0.0166453730310732,,,
Morden Park House,London Road,Morden,,SM4 5QU,,,http://www.merton.gov.uk/register/,51.393349958266256,-0.20682850624184784,,,
207 Plashet Grove,East Ham,London,,E6 1BT,,,http://www.newham.gov.uk/Services/RegisterOffice/intouch.htm ,51.53958783489205,0.04534516359230364,,,
Queen Victoria House,794 Cranbrook Road,Ilford,,IG6 1JS,,,http://www.redbridge.gov.uk/cms/a_to_z_of_services/r/register_office.aspx,51.585495630289394,0.0796114880079424,,,
1 Spring Terrace,Richmond,Surrey,,TW9 1LW,,,http://www.richmond.gov.uk/home/community_and_living/birth_marriage_and_death.htm,51.46069275810432,-0.2996165385453807,,,
34 Peckham Road,London,,,SE5 8QA,,,http://www.southwark.gov.uk/YourServices/BirthsDeathsMarriages/,51.47323554537853,-0.08267075030697463,,,
Russettings,25 Worcester Road,Sutton,,SM2 6PR,,,http://www.sutton.gov.uk/index.aspx?articleid=3555,51.35629625234715,-0.19543558960405447,,,
Bromley Public Hall,Bow Road,London,,E3 3AA,,,"http://www.towerhamlets.gov.uk/lgnl/advice_and_benefits/births,_marriages_and_deaths.aspx",51.5278820880331,-0.020329735908296,,,
106 Grove Road,Walthamstow,,,E17 9BY,,,http://www.walthamforest.gov.uk/register-office.htm,51.57898971149697,-0.010387757616632102,,,
Wandsworth High Street,Wandsworth High Street,,,SW18 2PU,,,http://www.wandsworth.gov.uk/Home/CommunityServices/RegisterOffice/default.htm ,51.457383431938986,-0.19086150051615997,,,
Westminster Council House,Marylebone Road,London,,NW1 5PT,,,http://www.westminster.gov.uk/communityandliving/registrar/,51.52120831179265,-0.15997997471120454,,,
Mere Hall,Merehall Street,Bolton,,BL1 2QT,,,http://www.bolton.gov.uk,53.58710895942112,-2.439052147236716,,,
Town Hall,Manchester Road,Bury,,BL9 0SW,,,http://www.bury.gov.uk/LifeEvents/Default.htm,53.59017229297228,-2.2999911477922694,,,
Heron House,47 Lloyd Street,Manchester,,M2 5LE,,,http://www.manchester.gov.uk/registrars/,53.479234823293865,-2.246183768441137,,,
Chadderton Town Hall,Middleton Road,Oldham,,OL9 6PP,,,http://www.oldham.gov.uk/a-z_of_services/cs-registrars.htm ,53.54499812494316,-2.137245476942533,,,
Town Hall,Vicars Gate,Rochdale,,OL16 1AB,,,http://www.rochdale.gov.uk/community_and_living/births/birth_-_historical_searches.aspx,53.61656246351073,-2.159321441307647,,,
Salford Civic Centre ,Chorley Road,Swinton,,M27 5DA,,,http://www.salford.gov.uk/bmd.htm ,53.51104923479083,-2.3397079059041856,,,
Town Hall,John Street Entrance,Stockport,,SK1 3XE,,,http://www.stockport.gov.uk/services/communitypeopleliving/birthsmarriagesdeaths/stockportregisteroffice/?view Standard,53.40597438572308,-2.1584871606506812,,,
Dukinfield Town Hall,King Street,Dukinfield,,SK16 4LA,,,http://www.tameside.gov.uk/tmbc2/registrarsoffice.htm ,53.47802384343137,-2.0923843335014345,,,
Sale Town Hall,Sale Waterside,Sale,,M33 7ZF,,,http://www.trafford.gov.uk/CommunityAndLiving,53.42511072432326,-2.3200003735995347,,,
Town Hall,Library Street,Wigan,,WN1 1YN,,,http://www.wigan.gov.uk/Services/CommunityLiving/BirthsDeathsMarriages/,53.54509753470858,-2.6299600026913414,,,
High Street,Prescot,Knowsley,,L34 3LH,,,"http://www.knowsley.gov.uk/residents/births,-deaths,-and-marriages.aspx",,,,,
The Cotton Exchange,Old Hall Street,Liverpool,,L3 9UF,,,http://www.liverpool.gov.uk/registrars_office/index.asp,53.40938400722334,-2.992862486893414,,,
Central Street,St. Helens,,,WA10 1UJ,,,http://www.sthelens.gov.uk/CMSWEB/item.do?parentID=100001&category=200010&itemid=319,53.457777014252386,-2.7362432275040707,,,
Corporation Street,Southport,,,PR8 1DA,,,http://www.sefton.gov.uk/Default.aspx?page=1746,53.647561347603144,-3.0055154142733653,,,
Town Hall,Brighton Street,Wallasey,,CH44 8ED,,,http://www.wirral.gov.uk/LGCL/100003/,53.41569832580542,-3.023251983137565,,,
Church Street,Barnsley,,,S70 2TA,,,http://www.barnsley.gov.uk/bguk/Community/Registrars,53.554153141750504,-1.482857153881214,,,
Elmfield Park,South Parade,Doncaster,,DN1 2EB,,,http://www.doncaster.gov.uk/Living_in_Doncaster/Life_Events/Life_Events.asp?lifeevents,53.52026376994403,-1.1242274415999303,,,
Bailey House,Rawmarsh Road,Rotherham,,S60 1TX,,,http://www.rotherham.gov.uk/graphics/YourCouncil/Register+Office/ ,53.43468922724401,-1.357402580113674,,,
Town Hall,Pinstone Street,Sheffield,,S1 2HH,,,http://www.sheffield.gov.uk/your-city-council/register-office,53.38037402407484,-1.4698106838237668,,,
Gateshead Civic Centre,Regent Street,Gateshead,,NE8 1HH,,,http://www.gateshead.gov.uk/People%20and%20Living/marriages/Home.aspx,54.95948574968387,-1.6032158548552007,,,
Civic Centre,Newcastle Upon Tyne,,,NE1 8PS,,,http://www.newcastle.gov.uk/registrars.nsf/a/homepage?opendocument ,54.97850474740661,-1.6100280127033697,,,
Maritime Chambers,1 Howard Street,North Shields,,NE30 1LZ,,,http://www.northtyneside.gov.uk/browse.shtml?p_subjectCategory=366,55.0073452136218,-1.4423885986468135,,,
10 Broughton Road,South Shields,,,NE33 2RN,,,http://www.southtyneside.info/communitysupport/register/default.asp,54.99491946415584,-1.4273992357744136,,,
Civic Centre,Sunderland,,,SR2 7DN,,,http://www.sunderland.gov.uk/Public/Editable/Life-Episodes/BDM/birth/opening_hours.asp?AltCrumb=When%20can%20I%20register%20the%20birth?,54.90139307659889,-1.382302281844365,,,
Holiday Wharf,Holiday Street,Birmingham,,B1 1TJ ,,,http://www.birmingham.gov.uk/registeroffice.bcc,52.47518982650231,-1.9091036754221473,,,
Cheylesmore Manor House,Manor House Drive,Coventry,,CV1 2ND,,,http://www.coventry.gov.uk/ccm/navigation/council--government-and-democracy/council/register-office/,52.404893237463774,-1.5112098861863554,,,
Priory Hall,Priory Park,Dudley,,DY1 4EU,,,http://www.dudley.gov.uk/community-and-living/registration-service,52.51678926598749,-2.0863558801274036,,,
Highfields,High Street,West Bromwich,,B70 8RJ,,,http://www.laws.sandwell.gov.uk/ccm/navigation/community-and-living/life-events/,52.521990140392944,-1.997981513887972,,,
Library Square,Solihull,,,B91 9RG,,,http://www.solihull.gov.uk/community/default.htm,52.413681556392206,-1.7752356252265094,,,
Civic Centre,Hatherton Road,Walsall,,WS1 1TN,,,http://www.walsall.gov.uk/index/community_and_living.htm,52.58646381459159,-1.980872388769444,,,
Civic Centre,St. Peter's Square,Wolverhampton,,WV1 1RU,,,http://www.wolverhampton.gov.uk/community_living/life_events/,52.587140231530036,-2.1296379498733358,,,
22 Manor Row,Bradford,,,BD1 4QR,,,http://www.bradford.gov.uk/information_and_communication/information_management/register_office/,53.80220469878276,-1.755860931521758,,,
4 Carlton Street,Halifax,,,HX1 2AH,,,http://www.calderdale.gov.uk/advice/life-events/register-office/certificate-fee.html,,,,,
11 High Street,Huddersfield,,,HD1 2PL,,,http://www.kirklees.gov.uk/registeroffices ,53.644392946709445,-1.7846052232309206,,,
Leeds Town Hall,The Headrow,Leeds,,LS1 3AD,,,http://www.leeds.gov.uk/register ,53.80037697716202,-1.5497053026799108,,,
71 Northgate,Wakefield,,,WF1 3BS,,,http://www.wakefield.gov.uk/CommunityAndLiving/Registrars/default.htm,53.68494530248971,-1.5005014466656204,,,
Civic Centre,Victoria Road,Hartlepool,,TS24 8AY,,,http://www.hartlepool.gov.uk/registeroffice/,54.68578198437893,-1.2140052061396014,,,
Town Hall,Middlesbrough,,,TS1 2QQ,,,http://www.middlesbrough.gov.uk/theme/middlesbrough/ccm/navigation/community-and-living/life-events/,54.57585239593553,-1.2449418872182394,,,
88 Westgate,Guisborough,,,TS14 6AP,,,http://www.redcar-cleveland.gov.uk/main.nsf/Web+Full+List/83B0816617AEFD7580257059004CABE2?OpenDocument,54.53452458536341,-1.0571765492109566,,,
Balaclava Street,Stockton-on-Tees,,,TS18 2AL,,,http://www.stockton.gov.uk/citizenservices/registeroffice/,54.56873141720364,-1.317026723037611,,,
Backhouse Hall,Bull Wynd,Darlington,,DL1 5RG,,,http://www.darlington.gov.uk/Legal+Services/Register+Office/Register+Office.htm,54.523637392393574,-1.5547817665014492,,,
Town Hall,Heath Road,Runcorn,,WA7 5TN,,,http://www2.halton.gov.uk/content/communityandliving/lifeevents/registration/?a=5441,53.333784148501486,-2.7232934540753417,,,
Museum Street,Warrington,,,WA1 1JX,,,http://www.warrington.gov.uk/Adviceandbenefits/Communityadvice/registrars.aspx,53.386518812073184,-2.598838108811902,,,
King George's Hall,Northgate,Blackburn,,BB2 1AA,,,http://www.blackburn.gov.uk/server.php?show=ConWebDoc.13973,53.74982981481925,-2.4861354876884447,,,
South King Street,Blackpool,,,FY1 4AX,,,http://www.blackpool.gov.uk/CommunityandLiving/,53.8158653174734,-3.0470729842954265,,,
181  191 George Street,Hull,,,HU1 3BY,,,"http://www.hullcc.gov.uk/portal/page?_pageid=221,52464&_dad=portal&_schema=PORTAL",53.74775235158129,-0.33198043423271995,,,
County Hall,Cross Street,Beverley,,HU17 9BA,,,http://www.eastriding.gov.uk/atoz/details.aspx?id=78,53.84122078751529,-0.42919047104646896,,,
Town Hall Square,Grimsby,North East Lincolnshire,,DN31 1HX,,,http://www.nelincs.gov.uk/Community/BirthsDeathsandMarriageRegistration/ ,53.564843100127845,-0.08223883158102305,,,
92 Oswald Road,Scunthorpe,North Lincolnshire,,DN15 7PA,,,http://www.northlincs.gov.uk/NorthLincs/Communitypeopleandliving/birthsdeathsmarriage/OpeningHours/,53.58707275583207,-0.6533840724324322,,,
56 Bootham,York,,,YO30 7DA,,,http://www.york.gov.uk/register/,53.96414658183386,-1.0882312965312448,,,
Royal Oak House,Market Place,Derby,,DE1 3AR,,,http://www.derby.gov.uk/CommunityLiving/LifeEvents/Births,52.923163619949044,-1.4754695501108115,,,
Town Hall,Town Hall Square,Leicester,,LE1 9BG,,,http://www.leicester.gov.uk/departments/page.asp?pgid=892,52.633574863030724,-1.1329900226382896,,,
Catmose Cottage,South Street,Rutland,,LE15 6HY,,,http://www.rutnet.co.uk/pp/gold/viewgold.asp?id=847,52.66740828811275,-0.7262357902426271,,,
50 Shakespeare Street,Nottingham,,,NG1 4FP,,,http://www.nottinghamcity.gov.uk/index.aspx?articleid=2341 ,52.95803851651214,-1.1524628408941948,,,
Town Hall,St Owen's Street,Hereford,,HR1 2PJ,,,http://www.herefordshire.gov.uk/community_and_living/life_events/1298.asp,52.055484339200426,-2.7131811597719016,,,
The Beeches,29 Vineyard Road,Telford,,TF1 1HB,,,http://www.telford.gov.uk/Community+living/Births/,52.703281080345405,-2.5213029824575868,,,
Albion Street,Hanley,Stoke-on-Trent,,ST1 1QQ,,,http://www.stoke.gov.uk/ccm/navigation/community--people-and-living/births--deaths--marriages-and-citizenship/registration-births-and-deaths/,53.02343023517929,-2.175371960539752,,,
The Guildhall,High Street,Bath,,BA1 5AW,,,http://www.bathnes.gov.uk/BathNES/communityandliving/localoffices.htm,51.38204907702687,-2.358790795767938,,,
The Old Council House,Corn Street,Bristol,,BS1 1JG,,,http://www.bristol-city.gov.uk/ccm/content/Community-Living/Marriages/register-office-births-marriages-and-deaths.en,51.454692410250125,-2.5934031310573276,,,
41 Boulevard,Weston-super-Mare,,,BS23 1PG,,,http://www.n-somerset.gov.uk/Community/Births+deaths+marriages+and+life+events/,51.35072304715225,-2.971338454425911,,,
Castle Street,Thornbury,,,BS35 1HF,,,http://www.southglos.gov.uk/Communities/BirthDeathMarriage/,51.61096384590274,-2.5277813846436787,,,
Lockyer Street,Plymouth,,,PL1 2QD,,,"http://www.plymouth.gov.uk/homepage/yourcouncil/community,_people_and_living/registeroffice.htm ",50.36762640596008,-4.143296622000426,,,
Oldway Mansion,Torquay Road,Paignton,,TQ3 2TE,,,http://www.torbay.gov.uk/register-office,50.443132219229426,-3.5677587776153357,,,
Town Hall,Bourne Avenue,Bournemouth,,BH2 6DY,,,http://www.bournemouth.gov.uk/Residents/births/default.asp,50.722443543283546,-1.882012391573168,,,
The Guildhall,Market Street,Poole,,BH15 1NP,,,http://www.boroughofpoole.com/go.php?structureID=categories&ref=C464833988B297,,,,,
Aspen House,Temple Street,Swindon,,SN1 1SQ,,,http://www.swindon.gov.uk/publicservices/public-registration/community-registrationopeningtimes.htm ,51.5589740202872,-1.7828731106844617,,,
33 Thorpe Road,Peterborough,,,PE3 6AB,,,http://www.peterborough.gov.uk/reg,52.572183613631736,-0.2514680186116624,,,
6 George Street West,Luton,,,LU1 2BJ,,,http://www.luton.gov.uk/internet/community_and_living/life_events,51.87802460049276,-0.4168203249830612,,,
Civic Centre,Victoria Avenue,Southend-on-Sea,,SS2 6ER,,,http://www.southend.gov.uk/content.asp?section=575,,,,,
Thameside Complex,Orsett Road,Grays,,RM17 5DX,,,http://www.thurrock.gov.uk/legal/register/ ,51.47937522205152,0.3245835122954233,,,
Northgate,Rochester,Kent,,ME1 1LS,,,http://www.medway.gov.uk/index/community/registeroffice.htm,51.38980837886643,0.5040891845603477,,,
Easthampstead House,Town Square,Bracknell,,RG12 1AQ,,,http://www.bracknell-forest.gov.uk/living/liv-births-deaths-and-marriages.htm,51.41751225004638,-0.7472976533548928,,,
Shaw House,Church Road,Newbury,,RG14 2DR,,,http://www.westberks.gov.uk/index.aspx?articleid=4033,51.41106497103108,-1.3169260318008043,,,
Yeomanry House,131 Castle Hill,Reading,,RG1 7TA,,,http://www.reading.gov.uk/communityandliving/registrar/,51.45063038717689,-0.981314238328467,,,
The Centre,Farnham Road,Slough,,SL1 4UT,,,http://www.slough.gov.uk/services/797.asp,51.51968411216013,-0.6141868540696961,,,
Town Hall,St. Ives Road,Maidenhead,,SL6 1RF,,,http://www.rbwm.gov.uk/community_living.htm,51.521904809046475,-0.718577292393184,,,
The Old School,Reading Road,Wokingham,,RG41 1RJ,,,http://www.wokingham.gov.uk/community-living/births-deaths-and-marriages,51.412421115732855,-0.8397520019711779,,,
Bracknell House,Aylesbury Street,Bletchley,,MK2 2BE,,,http://www.mkweb.co.uk/registrars/home.asp ,51.995769435068134,-0.718479900147267,,,
Town Hall,Bartholomew Square,Brighton,,BN1 1JA,,,http://www.brighton-hove.gov.uk/site01.cfm?request=b1113986,50.82083503005075,-0.1400287669307332,,,
Milldam House,Burnaby Road,Portsmouth,,PO1 3AF,,,http://www.portsmouth.gov.uk/living/22.html,50.79694173721084,-1.099525667127257,,,
6a Bugle Street,Southampton,,,SO14 2LX,,,http://www.southampton.gov.uk/people/lifeevents/default.asp#0,50.89784815737579,-1.405767585078567,,,
Northwood House,Ward Avenue,Cowes,,PO31 8AZ,,,http://www.iwight.com/living_here/births_deaths_marriages/default.asp,50.76172691969098,-1.304812170945968,,,
Shire Hall,Glanhwfa Road,Llangefni,,LL77 7TW,,,http://www.anglesey.gov.uk/doc.asp?cat=2573,53.25302847836192,-4.309872499858323,,,
Swyddfa Arfon,Caernarfon,Gwynedd,,LL55 1BN,,,http://www.gwynedd.gov.uk/gwy_doc.asp?cat=3440&doc=13090&Language=1,53.14156492762733,-4.272199972969488,,,
Lloyd Street,Llandudno,Conwy,,LL30 2UP,,,http://www.conwy.gov.uk/dratozdetail.asp?cat=112&doc=1119&azkey=r&offset=10&azid=403 ,53.32408123210874,-3.830980323451631,,,
Morfa Clwyd,Marsh Road,Rhyl,,LL18 2AF,,,http://www.denbighshire.gov.uk/en-gb/DNAP-74ZLKD,53.314349424923876,-3.4919056366183923,,,
Llwynegrin Hall,Mold,Flintshire,,CH7 6NW,,,http://www.flintshire.gov.uk/wps/portal/english/services?WCM_GLOBAL_CONTEXT=/Web%20Content/flintshire/english/services/100003/200067/llwynegrin+hall+register+office,53.17800550080092,-3.1374813380052142,,,
Ty Dewi Sant,Rhosddu Road,Wrexham,,LL11 1NF,,,http://www.wrexham.gov.uk/english/life_events/bereavement/register_office.htm ,53.04851735434147,-2.9944520988974497,,,
County Hall,Spa Road East,Powys,,LD1 5LG,,,http://www.powys.gov.uk/index.php?id=39&L=0,52.23779015822544,-3.373006514871637,,,
Town Hall,Aberystwyth,Ceredigion,,SA46 0PA,,,http://www.ceredigion.gov.uk/index.cfm?articleid=116&detailid=671,52.239567770519066,-4.266381923539022,,,
Tower Hill,Haverfordwest,,,SA61 1SS,,,http://www.pembrokeshire.gov.uk/content.asp?nav=&id=6038&Positioning_Article_ID=&Language=&parent_directory_id=516&d1=0 ,51.80084057247736,-4.972314672300777,,,
Parc Myrddyn,Richmond Terrace,Carmarthen,,SA31 1DS,,,http://www.carmarthenshire.gov.uk/Pages/default.aspx ,51.86149532894685,-4.306566274271019,,,
Civic Centre,Oystermouth Road,Swansea,,SA1 3SN,,,http://www.swansea.gov.uk/index.cfm?articleid=1458&contactid=2150 ,51.61371881214104,-3.9483524779402353,,,
119 London Road,Neath,,,SA11 1HL,,,http://www.npt.gov.uk/registrars/index.cfm,51.65910014830285,-3.8039662360917044,,,
Civic Offices,Angel Street,Bridgend,,CF31 4WB,,,http://www.bridgend.gov.uk/Web1/groups/public/documents/services/000856.hcsp#TopOfPage,51.50580570063178,-3.5804083146250196,,,
Civic Offices,Holton Road,Barry,,CF63 4RU,,,http://www.valeofglamorgan.gov.uk/living/life_in_the_community/registry_-_life_events.aspx,51.403435981240335,-3.27171440590976,,,
One 4 All Centre,Rock Grounds,Aberdare,,CF44 7AE,,,http://www.rhondda-cynon-taff.gov.uk/stellent/groups/public/documents/hcst/landing_page.hcst?lang=en&textonly=false&xNodeID=100003,51.712436521530655,-3.4477187222942893,,,
Castle House,Glebeland Street,Merthyr Tydfil,,CF47 8AT,,,http://www.merthyr.gov.uk/Home/Local+Services/Registrars+Births+Deaths+Marriages/Contact+Us.htm,51.74675807095691,-3.378952252937662,,,
Penallta House,Tredomen Park,Hengoed,,CF82 7PG,,,http://www.caerphilly.gov.uk/registration/ ,51.645032064560496,-3.249847772012611,,,
The Grove,Church Street,Tredegar,,NP22 3DS,,,http://www.blaenau-gwent.gov.uk/community.asp,51.77964891592936,-3.2453168438064584,,,
Hanbury Road,Pontypool,,,NP4 6YG,,,http://www.torfaen.gov.uk/CommunityAndLiving/Home.aspx,51.70066815169991,-3.038983164402768,,,
Coed Glas,Coed Glas Lane,Abergavenny,,NP7 5LE,,,http://www.monmouthshire.gov.uk/Monmouth/English/Community_and_Living/Community/Births/ ,51.82088388457382,-3.008971620599058,,,
8 Gold Tops,Newport,South Wales,,NP20 4PH,,,http://www.newport.gov.uk/_dc/index.cfm?fuseaction=registrars.homepage,51.58983341930135,-3.004391720847676,,,
48 Park Place,Cardiff,,,CF10 3LU,,,"http://www.cardiff.gov.uk/content.asp?Parent_Directory_id=2865&nav=2867,2903,2915,4451",51.488415529011185,-3.1783107858051296,,,
